,album_group,album_type,artists,href,id,images,name,release_date,release_date_precision,total_tracks,type,uri,external_urls.spotify
0,album,album,"[{'external_urls': {'spotify': 'https://open.spotify.com/artist/4YRxDV8wJFPHPTeXepOstw'}, 'href': 'https://api.spotify.com/v1/artists/4YRxDV8wJFPHPTeXepOstw', 'id': '4YRxDV8wJFPHPTeXepOstw', 'name': 'Arijit Singh', 'type': 'artist', 'uri': 'spotify:artist:4YRxDV8wJFPHPTeXepOstw'}]",https://api.spotify.com/v1/albums/7vMWh9urOORyyFjwV4Drs4,7vMWh9urOORyyFjwV4Drs4,"[{'height': 640, 'url': 'https://i.scdn.co/image/ab67616d0000b273156f9ab02be895a9be3de100', 'width': 640}, {'height': 300, 'url': 'https://i.scdn.co/image/ab67616d00001e02156f9ab02be895a9be3de100', 'width': 300}, {'height': 64, 'url': 'https://i.scdn.co/image/ab67616d00004851156f9ab02be895a9be3de100', 'width': 64}]",Arijit Singh - India Tour Hits,11/30/22,day,23,album,spotify:album:7vMWh9urOORyyFjwV4Drs4,https://open.spotify.com/album/7vMWh9urOORyyFjwV4Drs4
1,album,album,"[{'external_urls': {'spotify': 'https://open.spotify.com/artist/6Mv8GjQa7LKUGCAqa9qqdb'}, 'href': 'https://api.spotify.com/v1/artists/6Mv8GjQa7LKUGCAqa9qqdb', 'id': '6Mv8GjQa7LKUGCAqa9qqdb', 'name': 'Vishal-Shekhar', 'type': 'artist', 'uri': 'spotify:artist:6Mv8GjQa7LKUGCAqa9qqdb'}, {'external_urls': {'spotify': 'https://open.spotify.com/artist/4YRxDV8wJFPHPTeXepOstw'}, 'href': 'https://api.spotify.com/v1/artists/4YRxDV8wJFPHPTeXepOstw', 'id': '4YRxDV8wJFPHPTeXepOstw', 'name': 'Arijit Singh', 'type': 'artist', 'uri': 'spotify:artist:4YRxDV8wJFPHPTeXepOstw'}, {'external_urls': {'spotify': 'https://open.spotify.com/artist/5kPOMQZvgkAEnRZqwn9SYQ'}, 'href': 'https://api.spotify.com/v1/artists/5kPOMQZvgkAEnRZqwn9SYQ', 'id': '5kPOMQZvgkAEnRZqwn9SYQ', 'name': 'Jaideep Sahni', 'type': 'artist', 'uri': 'spotify:artist:5kPOMQZvgkAEnRZqwn9SYQ'}]",https://api.spotify.com/v1/albums/6oE20B7dnXUthc6pOorJJC,6oE20B7dnXUthc6pOorJJC,"[{'height': 640, 'url': 'https://i.scdn.co/image/ab67616d0000b273825ae4fbebb64fd9f4fd7de1', 'width': 640}, {'height': 300, 'url': 'https://i.scdn.co/image/ab67616d00001e02825ae4fbebb64fd9f4fd7de1', 'width': 300}, {'height': 64, 'url': 'https://i.scdn.co/image/ab67616d00004851825ae4fbebb64fd9f4fd7de1', 'width': 64}]",YRF Top 10 - Nightout Sounds,5/4/21,day,10,album,spotify:album:6oE20B7dnXUthc6pOorJJC,https://open.spotify.com/album/6oE20B7dnXUthc6pOorJJC
2,album,album,"[{'external_urls': {'spotify': 'https://open.spotify.com/artist/6Mv8GjQa7LKUGCAqa9qqdb'}, 'href': 'https://api.spotify.com/v1/artists/6Mv8GjQa7LKUGCAqa9qqdb', 'id': '6Mv8GjQa7LKUGCAqa9qqdb', 'name': 'Vishal-Shekhar', 'type': 'artist', 'uri': 'spotify:artist:6Mv8GjQa7LKUGCAqa9qqdb'}, {'external_urls': {'spotify': 'https://open.spotify.com/artist/4YRxDV8wJFPHPTeXepOstw'}, 'href': 'https://api.spotify.com/v1/artists/4YRxDV8wJFPHPTeXepOstw', 'id': '4YRxDV8wJFPHPTeXepOstw', 'name': 'Arijit Singh', 'type': 'artist', 'uri': 'spotify:artist:4YRxDV8wJFPHPTeXepOstw'}, {'external_urls': {'spotify': 'https://open.spotify.com/artist/5kPOMQZvgkAEnRZqwn9SYQ'}, 'href': 'https://api.spotify.com/v1/artists/5kPOMQZvgkAEnRZqwn9SYQ', 'id': '5kPOMQZvgkAEnRZqwn9SYQ', 'name': 'Jaideep Sahni', 'type': 'artist', 'uri': 'spotify:artist:5kPOMQZvgkAEnRZqwn9SYQ'}]",https://api.spotify.com/v1/albums/6HYp2yulQUYrEb1RvLfMj8,6HYp2yulQUYrEb1RvLfMj8,"[{'height': 640, 'url': 'https://i.scdn.co/image/ab67616d0000b2731a5f80d27902da01c55df429', 'width': 640}, {'height': 300, 'url': 'https://i.scdn.co/image/ab67616d00001e021a5f80d27902da01c55df429', 'width': 300}, {'height': 64, 'url': 'https://i.scdn.co/image/ab67616d000048511a5f80d27902da01c55df429', 'width': 64}]",YRF Top 10 - Bollywood Remixed,3/31/21,day,10,album,spotify:album:6HYp2yulQUYrEb1RvLfMj8,https://open.spotify.com/album/6HYp2yulQUYrEb1RvLfMj8
3,album,album,"[{'external_urls': {'spotify': 'https://open.spotify.com/artist/4YRxDV8wJFPHPTeXepOstw'}, 'href': 'https://api.spotify.com/v1/artists/4YRxDV8wJFPHPTeXepOstw', 'id': '4YRxDV8wJFPHPTeXepOstw', 'name': 'Arijit Singh', 'type': 'artist', 'uri': 'spotify:artist:4YRxDV8wJFPHPTeXepOstw'}]",https://api.spotify.com/v1/albums/3k1WMGUrn1raJVWoGrNPww,3k1WMGUrn1raJVWoGrNPww,"[{'height': 640, 'url': 'https://i.scdn.co/image/ab67616d0000b2736bc416626908ac75605a829e', 'width': 640}, {'height': 300, 'url': 'https://i.scdn.co/image/ab67616d00001e026bc416626908ac75605a829e', 'width': 300}, {'height': 64, 'url': 'https://i.scdn.co/image/ab67616d000048516bc416626908ac75605a829e', 'width': 64}]",Pagglait (Original Motion Picture Soundtrack),3/15/21,day,24,album,spotify:album:3k1WMGUrn1raJVWoGrNPww,https://open.spotify.com/album/3k1WMGUrn1raJVWoGrNPww
4,album,album,"[{'external_urls': {'spotify': 'https://open.spotify.com/artist/1mBydYMVBECdDmMfE2sEUO'}, 'href': 'https://api.spotify.com/v1/artists/1mBydYMVBECdDmMfE2sEUO', 'id': '1mBydYMVBECdDmMfE2sEUO', 'name': 'Sachin-Jigar', 'type': 'artist', 'uri': 'spotify:artist:1mBydYMVBECdDmMfE2sEUO'}, {'external_urls': {'spotify': 'https://open.spotify.com/artist/4YRxDV8wJFPHPTeXepOstw'}, 'href': 'https://api.spotify.com/v1/artists/4YRxDV8wJFPHPTeXepOstw', 'id': '4YRxDV8wJFPHPTeXepOstw', 'name': 'Arijit Singh', 'type': 'artist', 'uri': 'spotify:artist:4YRxDV8wJFPHPTeXepOstw'}, {'external_urls': {'spotify': 'https://open.spotify.com/artist/6q29t5RuXxlBuqIZsOMQss'}, 'href': 'https://api.spotify.com/v1/artists/6q29t5RuXxlBuqIZsOMQss', 'id': '6q29t5RuXxlBuqIZsOMQss', 'name': 'Priya Saraiya', 'type': 'artist', 'uri': 'spotify:artist:6q29t5RuXxlBuqIZsOMQss'}]",https://api.spotify.com/v1/albums/2mgAQPRBawMyJ1N6jGWWPF,2mgAQPRBawMyJ1N6jGWWPF,"[{'height': 640, 'url': 'https://i.scdn.co/image/ab67616d0000b273f2607ce870ebc75e030e0224', 'width': 640}, {'height': 300, 'url': 'https://i.scdn.co/image/ab67616d00001e02f2607ce870ebc75e030e0224', 'width': 300}, {'height': 64, 'url': 'https://i.scdn.co/image/ab67616d00004851f2607ce870ebc75e030e0224', 'width': 64}]",YRF Top 10 - Midnight Hour,2/17/21,day,10,album,spotify:album:2mgAQPRBawMyJ1N6jGWWPF,https://open.spotify.com/album/2mgAQPRBawMyJ1N6jGWWPF
5,album,album,"[{'external_urls': {'spotify': 'https://open.spotify.com/artist/4YRxDV8wJFPHPTeXepOstw'}, 'href': 'https://api.spotify.com/v1/artists/4YRxDV8wJFPHPTeXepOstw', 'id': '4YRxDV8wJFPHPTeXepOstw', 'name': 'Arijit Singh', 'type': 'artist', 'uri': 'spotify:artist:4YRxDV8wJFPHPTeXepOstw'}]",https://api.spotify.com/v1/albums/1WwkojG9sjMSrFVz4D51W0,1WwkojG9sjMSrFVz4D51W0,"[{'height': 640, 'url': 'https://i.scdn.co/image/ab67616d0000b2731aa5adad8593923dcdf1a7d0', 'width': 640}, {'height': 300, 'url': 'https://i.scdn.co/image/ab67616d00001e021aa5adad8593923dcdf1a7d0', 'width': 300}, {'height': 64, 'url': 'https://i.scdn.co/image/ab67616d000048511aa5adad8593923dcdf1a7d0', 'width': 64}]",Ultimate Love Songs - Arijit Singh,5/19/20,day,10,album,spotify:album:1WwkojG9sjMSrFVz4D51W0,https://open.spotify.com/album/1WwkojG9sjMSrFVz4D51W0
6,album,album,"[{'external_urls': {'spotify': 'https://open.spotify.com/artist/4YRxDV8wJFPHPTeXepOstw'}, 'href': 'https://api.spotify.com/v1/artists/4YRxDV8wJFPHPTeXepOstw', 'id': '4YRxDV8wJFPHPTeXepOstw', 'name': 'Arijit Singh', 'type': 'artist', 'uri': 'spotify:artist:4YRxDV8wJFPHPTeXepOstw'}]",https://api.spotify.com/v1/albums/2b1jRXut0UQBfL5VLfsjFG,2b1jRXut0UQBfL5VLfsjFG,"[{'height': 640, 'url': 'https://i.scdn.co/image/ab67616d0000b273a87e244ccc62afeae7e96986', 'width': 640}, {'height': 300, 'url': 'https://i.scdn.co/image/ab67616d00001e02a87e244ccc62afeae7e96986', 'width': 300}, {'height': 64, 'url': 'https://i.scdn.co/image/ab67616d00004851a87e244ccc62afeae7e96986', 'width': 64}]","Acche Din, Acche Gaane",5/29/19,day,12,album,spotify:album:2b1jRXut0UQBfL5VLfsjFG,https://open.spotify.com/album/2b1jRXut0UQBfL5VLfsjFG
7,album,album,"[{'external_urls': {'spotify': 'https://open.spotify.com/artist/4YRxDV8wJFPHPTeXepOstw'}, 'href': 'https://api.spotify.com/v1/artists/4YRxDV8wJFPHPTeXepOstw', 'id': '4YRxDV8wJFPHPTeXepOstw', 'name': 'Arijit Singh', 'type': 'artist', 'uri': 'spotify:artist:4YRxDV8wJFPHPTeXepOstw'}]",https://api.spotify.com/v1/albums/7kSY0fqrPep5vcwOb1juye,7kSY0fqrPep5vcwOb1juye,"[{'height': 640, 'url': 'https://i.scdn.co/image/ab67616d0000b273614a583a490e23b29821b2ed', 'width': 640}, {'height': 300, 'url': 'https://i.scdn.co/image/ab67616d00001e02614a583a490e23b29821b2ed', 'width': 300}, {'height': 64, 'url': 'https://i.scdn.co/image/ab67616d00004851614a583a490e23b29821b2ed', 'width': 64}]",Groove With Arijit Singh,5/22/19,day,14,album,spotify:album:7kSY0fqrPep5vcwOb1juye,https://open.spotify.com/album/7kSY0fqrPep5vcwOb1juye
8,album,album,"[{'external_urls': {'spotify': 'https://open.spotify.com/artist/1XBPmUB1Z72YL4OgDhNbJw'}, 'href': 'https://api.spotify.com/v1/artists/1XBPmUB1Z72YL4OgDhNbJw', 'id': '1XBPmUB1Z72YL4OgDhNbJw', 'name': 'Promit', 'type': 'artist', 'uri': 'spotify:artist:1XBPmUB1Z72YL4OgDhNbJw'}, {'external_urls': {'spotify': 'https://open.spotify.com/artist/4YRxDV8wJFPHPTeXepOstw'}, 'href': 'https://api.spotify.com/v1/artists/4YRxDV8wJFPHPTeXepOstw', 'id': '4YRxDV8wJFPHPTeXepOstw', 'name': 'Arijit Singh', 'type': 'artist', 'uri': 'spotify:artist:4YRxDV8wJFPHPTeXepOstw'}]",https://api.spotify.com/v1/albums/7ByzvLaUbfQycIrJvbGudU,7ByzvLaUbfQycIrJvbGudU,"[{'height': 640, 'url': 'https://i.scdn.co/image/ab67616d0000b273e1fea08726466713e2894cc7', 'width': 640}, {'height': 300, 'url': 'https://i.scdn.co/image/ab67616d00001e02e1fea08726466713e2894cc7', 'width': 300}, {'height': 64, 'url': 'https://i.scdn.co/image/ab67616d00004851e1fea08726466713e2894cc7', 'width': 64}]",Chokher Bahire (Original Motion Picture Soundtrack),10/27/17,day,6,album,spotify:album:7ByzvLaUbfQycIrJvbGudU,https://open.spotify.com/album/7ByzvLaUbfQycIrJvbGudU
9,album,album,"[{'external_urls': {'spotify': 'https://open.spotify.com/artist/4YRxDV8wJFPHPTeXepOstw'}, 'href': 'https://api.spotify.com/v1/artists/4YRxDV8wJFPHPTeXepOstw', 'id': '4YRxDV8wJFPHPTeXepOstw', 'name': 'Arijit Singh', 'type': 'artist', 'uri': 'spotify:artist:4YRxDV8wJFPHPTeXepOstw'}]",https://api.spotify.com/v1/albums/0HSS4XZTx9QoCVxtugU2vk,0HSS4XZTx9QoCVxtugU2vk,"[{'height': 640, 'url': 'https://i.scdn.co/image/ab67616d0000b273e24cb6083f2b8dede520fa8c', 'width': 640}, {'height': 300, 'url': 'https://i.scdn.co/image/ab67616d00001e02e24cb6083f2b8dede520fa8c', 'width': 300}, {'height': 64, 'url': 'https://i.scdn.co/image/ab67616d00004851e24cb6083f2b8dede520fa8c', 'width': 64}]",Murshida and Other Hits,5/10/17,day,10,album,spotify:album:0HSS4XZTx9QoCVxtugU2vk,https://open.spotify.com/album/0HSS4XZTx9QoCVxtugU2vk
10,album,album,"[{'external_urls': {'spotify': 'https://open.spotify.com/artist/4YRxDV8wJFPHPTeXepOstw'}, 'href': 'https://api.spotify.com/v1/artists/4YRxDV8wJFPHPTeXepOstw', 'id': '4YRxDV8wJFPHPTeXepOstw', 'name': 'Arijit Singh', 'type': 'artist', 'uri': 'spotify:artist:4YRxDV8wJFPHPTeXepOstw'}]",https://api.spotify.com/v1/albums/3tzrtZvTODgW7tDew5E7nb,3tzrtZvTODgW7tDew5E7nb,"[{'height': 640, 'url': 'https://i.scdn.co/image/ab67616d0000b273ba071b7b2ffb03ccb472425d', 'width': 640}, {'height': 300, 'url': 'https://i.scdn.co/image/ab67616d00001e02ba071b7b2ffb03ccb472425d', 'width': 300}, {'height': 64, 'url': 'https://i.scdn.co/image/ab67616d00004851ba071b7b2ffb03ccb472425d', 'width': 64}]",Yours Truly Arijit,12/9/16,day,20,album,spotify:album:3tzrtZvTODgW7tDew5E7nb,https://open.spotify.com/album/3tzrtZvTODgW7tDew5E7nb
11,album,album,"[{'external_urls': {'spotify': 'https://open.spotify.com/artist/4YRxDV8wJFPHPTeXepOstw'}, 'href': 'https://api.spotify.com/v1/artists/4YRxDV8wJFPHPTeXepOstw', 'id': '4YRxDV8wJFPHPTeXepOstw', 'name': 'Arijit Singh', 'type': 'artist', 'uri': 'spotify:artist:4YRxDV8wJFPHPTeXepOstw'}]",https://api.spotify.com/v1/albums/252YtNVYFu7GlS6DQ3HUZ1,252YtNVYFu7GlS6DQ3HUZ1,"[{'height': 640, 'url': 'https://i.scdn.co/image/ab67616d0000b2734f1228c4c015d349d1eacb5c', 'width': 640}, {'height': 300, 'url': 'https://i.scdn.co/image/ab67616d00001e024f1228c4c015d349d1eacb5c', 'width': 300}, {'height': 64, 'url': 'https://i.scdn.co/image/ab67616d000048514f1228c4c015d349d1eacb5c', 'width': 64}]",Arijit Singh - Ultimate Love Songs,2/5/16,day,10,album,spotify:album:252YtNVYFu7GlS6DQ3HUZ1,https://open.spotify.com/album/252YtNVYFu7GlS6DQ3HUZ1
12,album,album,"[{'external_urls': {'spotify': 'https://open.spotify.com/artist/4YRxDV8wJFPHPTeXepOstw'}, 'href': 'https://api.spotify.com/v1/artists/4YRxDV8wJFPHPTeXepOstw', 'id': '4YRxDV8wJFPHPTeXepOstw', 'name': 'Arijit Singh', 'type': 'artist', 'uri': 'spotify:artist:4YRxDV8wJFPHPTeXepOstw'}]",https://api.spotify.com/v1/albums/2GICr5p81pM3Z0T9BJFb1o,2GICr5p81pM3Z0T9BJFb1o,"[{'height': 640, 'url': 'https://i.scdn.co/image/ab67616d0000b2735dffd2bb6e7a21343408f6d9', 'width': 640}, {'height': 300, 'url': 'https://i.scdn.co/image/ab67616d00001e025dffd2bb6e7a21343408f6d9', 'width': 300}, {'height': 64, 'url': 'https://i.scdn.co/image/ab67616d000048515dffd2bb6e7a21343408f6d9', 'width': 64}]",Shudhu Tomari Jonyo,9/13/15,day,8,album,spotify:album:2GICr5p81pM3Z0T9BJFb1o,https://open.spotify.com/album/2GICr5p81pM3Z0T9BJFb1o
13,album,album,"[{'external_urls': {'spotify': 'https://open.spotify.com/artist/4YRxDV8wJFPHPTeXepOstw'}, 'href': 'https://api.spotify.com/v1/artists/4YRxDV8wJFPHPTeXepOstw', 'id': '4YRxDV8wJFPHPTeXepOstw', 'name': 'Arijit Singh', 'type': 'artist', 'uri': 'spotify:artist:4YRxDV8wJFPHPTeXepOstw'}]",https://api.spotify.com/v1/albums/0RwZL6Vt80dGICYl7TbUxP,0RwZL6Vt80dGICYl7TbUxP,"[{'height': 640, 'url': 'https://i.scdn.co/image/ab67616d0000b2737360d836e2f55add18d91477', 'width': 640}, {'height': 300, 'url': 'https://i.scdn.co/image/ab67616d00001e027360d836e2f55add18d91477', 'width': 300}, {'height': 64, 'url': 'https://i.scdn.co/image/ab67616d000048517360d836e2f55add18d91477', 'width': 64}]",Khaad,10/23/14,day,6,album,spotify:album:0RwZL6Vt80dGICYl7TbUxP,https://open.spotify.com/album/0RwZL6Vt80dGICYl7TbUxP
14,album,album,"[{'external_urls': {'spotify': 'https://open.spotify.com/artist/4YRxDV8wJFPHPTeXepOstw'}, 'href': 'https://api.spotify.com/v1/artists/4YRxDV8wJFPHPTeXepOstw', 'id': '4YRxDV8wJFPHPTeXepOstw', 'name': 'Arijit Singh', 'type': 'artist', 'uri': 'spotify:artist:4YRxDV8wJFPHPTeXepOstw'}]",https://api.spotify.com/v1/albums/2in4xZhjkZ8Kt2cifZ9z1o,2in4xZhjkZ8Kt2cifZ9z1o,"[{'height': 640, 'url': 'https://i.scdn.co/image/ab67616d0000b273f3b5270207656a884d0a6f2d', 'width': 640}, {'height': 300, 'url': 'https://i.scdn.co/image/ab67616d00001e02f3b5270207656a884d0a6f2d', 'width': 300}, {'height': 64, 'url': 'https://i.scdn.co/image/ab67616d00004851f3b5270207656a884d0a6f2d', 'width': 64}]",Golpo Holeo Sotti,6/10/14,day,7,album,spotify:album:2in4xZhjkZ8Kt2cifZ9z1o,https://open.spotify.com/album/2in4xZhjkZ8Kt2cifZ9z1o
15,album,album,"[{'external_urls': {'spotify': 'https://open.spotify.com/artist/4YRxDV8wJFPHPTeXepOstw'}, 'href': 'https://api.spotify.com/v1/artists/4YRxDV8wJFPHPTeXepOstw', 'id': '4YRxDV8wJFPHPTeXepOstw', 'name': 'Arijit Singh', 'type': 'artist', 'uri': 'spotify:artist:4YRxDV8wJFPHPTeXepOstw'}]",https://api.spotify.com/v1/albums/3vDKxt5LedHOk5FDJHgJmA,3vDKxt5LedHOk5FDJHgJmA,"[{'height': 640, 'url': 'https://i.scdn.co/image/ab67616d0000b2735ca50aa9b2019e6afdd96cce', 'width': 640}, {'height': 300, 'url': 'https://i.scdn.co/image/ab67616d00001e025ca50aa9b2019e6afdd96cce', 'width': 300}, {'height': 64, 'url': 'https://i.scdn.co/image/ab67616d000048515ca50aa9b2019e6afdd96cce', 'width': 64}]",Chander Pahar,12/26/13,day,13,album,spotify:album:3vDKxt5LedHOk5FDJHgJmA,https://open.spotify.com/album/3vDKxt5LedHOk5FDJHgJmA
16,album,album,"[{'external_urls': {'spotify': 'https://open.spotify.com/artist/4YRxDV8wJFPHPTeXepOstw'}, 'href': 'https://api.spotify.com/v1/artists/4YRxDV8wJFPHPTeXepOstw', 'id': '4YRxDV8wJFPHPTeXepOstw', 'name': 'Arijit Singh', 'type': 'artist', 'uri': 'spotify:artist:4YRxDV8wJFPHPTeXepOstw'}]",https://api.spotify.com/v1/albums/5qOJ4NgkZAljQyrdldTkbh,5qOJ4NgkZAljQyrdldTkbh,"[{'height': 640, 'url': 'https://i.scdn.co/image/ab67616d0000b273b9d9fc445f12c11d0171fabd', 'width': 640}, {'height': 300, 'url': 'https://i.scdn.co/image/ab67616d00001e02b9d9fc445f12c11d0171fabd', 'width': 300}, {'height': 64, 'url': 'https://i.scdn.co/image/ab67616d00004851b9d9fc445f12c11d0171fabd', 'width': 64}]",Goynar Baksho (Original Motion Picture Soundtrack),4/12/13,day,9,album,spotify:album:5qOJ4NgkZAljQyrdldTkbh,https://open.spotify.com/album/5qOJ4NgkZAljQyrdldTkbh
17,album,album,"[{'external_urls': {'spotify': 'https://open.spotify.com/artist/4YRxDV8wJFPHPTeXepOstw'}, 'href': 'https://api.spotify.com/v1/artists/4YRxDV8wJFPHPTeXepOstw', 'id': '4YRxDV8wJFPHPTeXepOstw', 'name': 'Arijit Singh', 'type': 'artist', 'uri': 'spotify:artist:4YRxDV8wJFPHPTeXepOstw'}]",https://api.spotify.com/v1/albums/1pbdCW1f3bVwqRd2toq4kC,1pbdCW1f3bVwqRd2toq4kC,"[{'height': 640, 'url': 'https://i.scdn.co/image/ab67616d0000b2738347f41fed7179133011a25d', 'width': 640}, {'height': 300, 'url': 'https://i.scdn.co/image/ab67616d00001e028347f41fed7179133011a25d', 'width': 300}, {'height': 64, 'url': 'https://i.scdn.co/image/ab67616d000048518347f41fed7179133011a25d', 'width': 64}]",Bojhena Se Bojhena,12/12/12,day,6,album,spotify:album:1pbdCW1f3bVwqRd2toq4kC,https://open.spotify.com/album/1pbdCW1f3bVwqRd2toq4kC
18,single,single,"[{'external_urls': {'spotify': 'https://open.spotify.com/artist/1UUAzUIJ1Axh6ozz5ZrJ7k'}, 'href': 'https://api.spotify.com/v1/artists/1UUAzUIJ1Axh6ozz5ZrJ7k', 'id': '1UUAzUIJ1Axh6ozz5ZrJ7k', 'name': 'S VIII', 'type': 'artist', 'uri': 'spotify:artist:1UUAzUIJ1Axh6ozz5ZrJ7k'}, {'external_urls': {'spotify': 'https://open.spotify.com/artist/4YRxDV8wJFPHPTeXepOstw'}, 'href': 'https://api.spotify.com/v1/artists/4YRxDV8wJFPHPTeXepOstw', 'id': '4YRxDV8wJFPHPTeXepOstw', 'name': 'Arijit Singh', 'type': 'artist', 'uri': 'spotify:artist:4YRxDV8wJFPHPTeXepOstw'}, {'external_urls': {'spotify': 'https://open.spotify.com/artist/2nXQmURjKPR3PFEgHSdwNq'}, 'href': 'https://api.spotify.com/v1/artists/2nXQmURjKPR3PFEgHSdwNq', 'id': '2nXQmURjKPR3PFEgHSdwNq', 'name': 'Krishna Chaitanya', 'type': 'artist', 'uri': 'spotify:artist:2nXQmURjKPR3PFEgHSdwNq'}]",https://api.spotify.com/v1/albums/2OGNSBiHyvVCkkbR1q3ton,2OGNSBiHyvVCkkbR1q3ton,"[{'height': 640, 'url': 'https://i.scdn.co/image/ab67616d0000b2733b10cc68a24b8f10274fe441', 'width': 640}, {'height': 300, 'url': 'https://i.scdn.co/image/ab67616d00001e023b10cc68a24b8f10274fe441', 'width': 300}, {'height': 64, 'url': 'https://i.scdn.co/image/ab67616d000048513b10cc68a24b8f10274fe441', 'width': 64}]",Yedisthe Rarevaru - Future Bass Remix,3/8/23,day,1,album,spotify:album:2OGNSBiHyvVCkkbR1q3ton,https://open.spotify.com/album/2OGNSBiHyvVCkkbR1q3ton
19,single,single,"[{'external_urls': {'spotify': 'https://open.spotify.com/artist/1wRPtKGflJrBx9BmLsSwlU'}, 'href': 'https://api.spotify.com/v1/artists/1wRPtKGflJrBx9BmLsSwlU', 'id': '1wRPtKGflJrBx9BmLsSwlU', 'name': 'Pritam', 'type': 'artist', 'uri': 'spotify:artist:1wRPtKGflJrBx9BmLsSwlU'}, {'external_urls': {'spotify': 'https://open.spotify.com/artist/4YRxDV8wJFPHPTeXepOstw'}, 'href': 'https://api.spotify.com/v1/artists/4YRxDV8wJFPHPTeXepOstw', 'id': '4YRxDV8wJFPHPTeXepOstw', 'name': 'Arijit Singh', 'type': 'artist', 'uri': 'spotify:artist:4YRxDV8wJFPHPTeXepOstw'}, {'external_urls': {'spotify': 'https://open.spotify.com/artist/2fMqTqiTxUDlmcOEPaQSsx'}, 'href': 'https://api.spotify.com/v1/artists/2fMqTqiTxUDlmcOEPaQSsx', 'id': '2fMqTqiTxUDlmcOEPaQSsx', 'name': 'Amitabh Bhattacharya', 'type': 'artist', 'uri': 'spotify:artist:2fMqTqiTxUDlmcOEPaQSsx'}]",https://api.spotify.com/v1/albums/7kXEDaT5yy8IUT7Fmqs1i2,7kXEDaT5yy8IUT7Fmqs1i2,"[{'height': 640, 'url': 'https://i.scdn.co/image/ab67616d0000b2732a733a9eeabca1a5fb50312b', 'width': 640}, {'height': 300, 'url': 'https://i.scdn.co/image/ab67616d00001e022a733a9eeabca1a5fb50312b', 'width': 300}, {'height': 64, 'url': 'https://i.scdn.co/image/ab67616d000048512a733a9eeabca1a5fb50312b', 'width': 64}]","O Bedardeya (From ""Tu Jhoothi Main Makkaar"")",3/4/23,day,1,album,spotify:album:7kXEDaT5yy8IUT7Fmqs1i2,https://open.spotify.com/album/7kXEDaT5yy8IUT7Fmqs1i2
20,single,single,"[{'external_urls': {'spotify': 'https://open.spotify.com/artist/1wRPtKGflJrBx9BmLsSwlU'}, 'href': 'https://api.spotify.com/v1/artists/1wRPtKGflJrBx9BmLsSwlU', 'id': '1wRPtKGflJrBx9BmLsSwlU', 'name': 'Pritam', 'type': 'artist', 'uri': 'spotify:artist:1wRPtKGflJrBx9BmLsSwlU'}, {'external_urls': {'spotify': 'https://open.spotify.com/artist/4YRxDV8wJFPHPTeXepOstw'}, 'href': 'https://api.spotify.com/v1/artists/4YRxDV8wJFPHPTeXepOstw', 'id': '4YRxDV8wJFPHPTeXepOstw', 'name': 'Arijit Singh', 'type': 'artist', 'uri': 'spotify:artist:4YRxDV8wJFPHPTeXepOstw'}, {'external_urls': {'spotify': 'https://open.spotify.com/artist/2fMqTqiTxUDlmcOEPaQSsx'}, 'href': 'https://api.spotify.com/v1/artists/2fMqTqiTxUDlmcOEPaQSsx', 'id': '2fMqTqiTxUDlmcOEPaQSsx', 'name': 'Amitabh Bhattacharya', 'type': 'artist', 'uri': 'spotify:artist:2fMqTqiTxUDlmcOEPaQSsx'}]",https://api.spotify.com/v1/albums/4zVaVvHQoqBIAetmDpInoL,4zVaVvHQoqBIAetmDpInoL,"[{'height': 640, 'url': 'https://i.scdn.co/image/ab67616d0000b27388fcfaa7f55641d695501efd', 'width': 640}, {'height': 300, 'url': 'https://i.scdn.co/image/ab67616d00001e0288fcfaa7f55641d695501efd', 'width': 300}, {'height': 64, 'url': 'https://i.scdn.co/image/ab67616d0000485188fcfaa7f55641d695501efd', 'width': 64}]",Deva Deva - The Unheard Version,3/3/23,day,1,album,spotify:album:4zVaVvHQoqBIAetmDpInoL,https://open.spotify.com/album/4zVaVvHQoqBIAetmDpInoL
21,single,single,"[{'external_urls': {'spotify': 'https://open.spotify.com/artist/0sSxphmGskGCKlwB9xa6WU'}, 'href': 'https://api.spotify.com/v1/artists/0sSxphmGskGCKlwB9xa6WU', 'id': '0sSxphmGskGCKlwB9xa6WU', 'name': 'Himesh Reshammiya', 'type': 'artist', 'uri': 'spotify:artist:0sSxphmGskGCKlwB9xa6WU'}, {'external_urls': {'spotify': 'https://open.spotify.com/artist/4YRxDV8wJFPHPTeXepOstw'}, 'href': 'https://api.spotify.com/v1/artists/4YRxDV8wJFPHPTeXepOstw', 'id': '4YRxDV8wJFPHPTeXepOstw', 'name': 'Arijit Singh', 'type': 'artist', 'uri': 'spotify:artist:4YRxDV8wJFPHPTeXepOstw'}, {'external_urls': {'spotify': 'https://open.spotify.com/artist/5wQDQFm7Ku8WWGi5xqJ9lp'}, 'href': 'https://api.spotify.com/v1/artists/5wQDQFm7Ku8WWGi5xqJ9lp', 'id': '5wQDQFm7Ku8WWGi5xqJ9lp', 'name': 'Jyotica Tangri', 'type': 'artist', 'uri': 'spotify:artist:5wQDQFm7Ku8WWGi5xqJ9lp'}]",https://api.spotify.com/v1/albums/5NCJ7f8YdojKzfjJQbFgBs,5NCJ7f8YdojKzfjJQbFgBs,"[{'height': 640, 'url': 'https://i.scdn.co/image/ab67616d0000b273e4332da57b52d32d6c4b6afd', 'width': 640}, {'height': 300, 'url': 'https://i.scdn.co/image/ab67616d00001e02e4332da57b52d32d6c4b6afd', 'width': 300}, {'height': 64, 'url': 'https://i.scdn.co/image/ab67616d00004851e4332da57b52d32d6c4b6afd', 'width': 64}]","Tera Hua (From ""Bad Boy"")",2/26/23,day,1,album,spotify:album:5NCJ7f8YdojKzfjJQbFgBs,https://open.spotify.com/album/5NCJ7f8YdojKzfjJQbFgBs
22,single,single,"[{'external_urls': {'spotify': 'https://open.spotify.com/artist/4YRxDV8wJFPHPTeXepOstw'}, 'href': 'https://api.spotify.com/v1/artists/4YRxDV8wJFPHPTeXepOstw', 'id': '4YRxDV8wJFPHPTeXepOstw', 'name': 'Arijit Singh', 'type': 'artist', 'uri': 'spotify:artist:4YRxDV8wJFPHPTeXepOstw'}, {'external_urls': {'spotify': 'https://open.spotify.com/artist/0T1CMVkqffHlqEk4BcAph1'}, 'href': 'https://api.spotify.com/v1/artists/0T1CMVkqffHlqEk4BcAph1', 'id': '0T1CMVkqffHlqEk4BcAph1', 'name': 'Tulsi Kumar', 'type': 'artist', 'uri': 'spotify:artist:0T1CMVkqffHlqEk4BcAph1'}, {'external_urls': {'spotify': 'https://open.spotify.com/artist/70voqWnL1gpuxodufMgBt4'}, 'href': 'https://api.spotify.com/v1/artists/70voqWnL1gpuxodufMgBt4', 'id': '70voqWnL1gpuxodufMgBt4', 'name': 'Abhijit Vaghani', 'type': 'artist', 'uri': 'spotify:artist:70voqWnL1gpuxodufMgBt4'}]",https://api.spotify.com/v1/albums/3Glv5TxfoB9Qp67nwPH4ka,3Glv5TxfoB9Qp67nwPH4ka,"[{'height': 640, 'url': 'https://i.scdn.co/image/ab67616d0000b273314ae55b80be94707cf0b6d0', 'width': 640}, {'height': 300, 'url': 'https://i.scdn.co/image/ab67616d00001e02314ae55b80be94707cf0b6d0', 'width': 300}, {'height': 64, 'url': 'https://i.scdn.co/image/ab67616d00004851314ae55b80be94707cf0b6d0', 'width': 64}]",Dil Ke Paas - Close To Your Heart,2/14/23,day,1,album,spotify:album:3Glv5TxfoB9Qp67nwPH4ka,https://open.spotify.com/album/3Glv5TxfoB9Qp67nwPH4ka
23,single,single,"[{'external_urls': {'spotify': 'https://open.spotify.com/artist/0oZUBBe32WUJY1WjGzYEG8'}, 'href': 'https://api.spotify.com/v1/artists/0oZUBBe32WUJY1WjGzYEG8', 'id': '0oZUBBe32WUJY1WjGzYEG8', 'name': 'Rohanpreet Singh', 'type': 'artist', 'uri': 'spotify:artist:0oZUBBe32WUJY1WjGzYEG8'}, {'external_urls': {'spotify': 'https://open.spotify.com/artist/5f4QpKfy7ptCHwTqspnSJI'}, 'href': 'https://api.spotify.com/v1/artists/5f4QpKfy7ptCHwTqspnSJI', 'id': '5f4QpKfy7ptCHwTqspnSJI', 'name': 'Neha Kakkar', 'type': 'artist', 'uri': 'spotify:artist:5f4QpKfy7ptCHwTqspnSJI'}, {'external_urls': {'spotify': 'https://open.spotify.com/artist/4YRxDV8wJFPHPTeXepOstw'}, 'href': 'https://api.spotify.com/v1/artists/4YRxDV8wJFPHPTeXepOstw', 'id': '4YRxDV8wJFPHPTeXepOstw', 'name': 'Arijit Singh', 'type': 'artist', 'uri': 'spotify:artist:4YRxDV8wJFPHPTeXepOstw'}]",https://api.spotify.com/v1/albums/1yqwgFq9DO6NqFlyE7CGQe,1yqwgFq9DO6NqFlyE7CGQe,"[{'height': 640, 'url': 'https://i.scdn.co/image/ab67616d0000b27377216ad0871bdce0cf399ff5', 'width': 640}, {'height': 300, 'url': 'https://i.scdn.co/image/ab67616d00001e0277216ad0871bdce0cf399ff5', 'width': 300}, {'height': 64, 'url': 'https://i.scdn.co/image/ab67616d0000485177216ad0871bdce0cf399ff5', 'width': 64}]",Gham Khushiyan,2/13/23,day,1,album,spotify:album:1yqwgFq9DO6NqFlyE7CGQe,https://open.spotify.com/album/1yqwgFq9DO6NqFlyE7CGQe
24,single,single,"[{'external_urls': {'spotify': 'https://open.spotify.com/artist/1wRPtKGflJrBx9BmLsSwlU'}, 'href': 'https://api.spotify.com/v1/artists/1wRPtKGflJrBx9BmLsSwlU', 'id': '1wRPtKGflJrBx9BmLsSwlU', 'name': 'Pritam', 'type': 'artist', 'uri': 'spotify:artist:1wRPtKGflJrBx9BmLsSwlU'}, {'external_urls': {'spotify': 'https://open.spotify.com/artist/4YRxDV8wJFPHPTeXepOstw'}, 'href': 'https://api.spotify.com/v1/artists/4YRxDV8wJFPHPTeXepOstw', 'id': '4YRxDV8wJFPHPTeXepOstw', 'name': 'Arijit Singh', 'type': 'artist', 'uri': 'spotify:artist:4YRxDV8wJFPHPTeXepOstw'}, {'external_urls': {'spotify': 'https://open.spotify.com/artist/2fMqTqiTxUDlmcOEPaQSsx'}, 'href': 'https://api.spotify.com/v1/artists/2fMqTqiTxUDlmcOEPaQSsx', 'id': '2fMqTqiTxUDlmcOEPaQSsx', 'name': 'Amitabh Bhattacharya', 'type': 'artist', 'uri': 'spotify:artist:2fMqTqiTxUDlmcOEPaQSsx'}]",https://api.spotify.com/v1/albums/1cttjZoENYipDCPgISthpY,1cttjZoENYipDCPgISthpY,"[{'height': 640, 'url': 'https://i.scdn.co/image/ab67616d0000b27383e569e0fa43464cb8525561', 'width': 640}, {'height': 300, 'url': 'https://i.scdn.co/image/ab67616d00001e0283e569e0fa43464cb8525561', 'width': 300}, {'height': 64, 'url': 'https://i.scdn.co/image/ab67616d0000485183e569e0fa43464cb8525561', 'width': 64}]","Pyaar Hota Kayi Baar Hai (From ""Tu Jhoothi Main Makkaar"")",2/10/23,day,1,album,spotify:album:1cttjZoENYipDCPgISthpY,https://open.spotify.com/album/1cttjZoENYipDCPgISthpY
25,single,single,"[{'external_urls': {'spotify': 'https://open.spotify.com/artist/1wRPtKGflJrBx9BmLsSwlU'}, 'href': 'https://api.spotify.com/v1/artists/1wRPtKGflJrBx9BmLsSwlU', 'id': '1wRPtKGflJrBx9BmLsSwlU', 'name': 'Pritam', 'type': 'artist', 'uri': 'spotify:artist:1wRPtKGflJrBx9BmLsSwlU'}, {'external_urls': {'spotify': 'https://open.spotify.com/artist/4YRxDV8wJFPHPTeXepOstw'}, 'href': 'https://api.spotify.com/v1/artists/4YRxDV8wJFPHPTeXepOstw', 'id': '4YRxDV8wJFPHPTeXepOstw', 'name': 'Arijit Singh', 'type': 'artist', 'uri': 'spotify:artist:4YRxDV8wJFPHPTeXepOstw'}, {'external_urls': {'spotify': 'https://open.spotify.com/artist/2fMqTqiTxUDlmcOEPaQSsx'}, 'href': 'https://api.spotify.com/v1/artists/2fMqTqiTxUDlmcOEPaQSsx', 'id': '2fMqTqiTxUDlmcOEPaQSsx', 'name': 'Amitabh Bhattacharya', 'type': 'artist', 'uri': 'spotify:artist:2fMqTqiTxUDlmcOEPaQSsx'}]",https://api.spotify.com/v1/albums/5uAi4ZZc7zRdd6PsKNcJXO,5uAi4ZZc7zRdd6PsKNcJXO,"[{'height': 640, 'url': 'https://i.scdn.co/image/ab67616d0000b273fdd4cc7defb987b4c3aa2d9e', 'width': 640}, {'height': 300, 'url': 'https://i.scdn.co/image/ab67616d00001e02fdd4cc7defb987b4c3aa2d9e', 'width': 300}, {'height': 64, 'url': 'https://i.scdn.co/image/ab67616d00004851fdd4cc7defb987b4c3aa2d9e', 'width': 64}]","Tere Pyaar Mein (From ""Tu Jhoothi Main Makkaar"")",2/1/23,day,1,album,spotify:album:5uAi4ZZc7zRdd6PsKNcJXO,https://open.spotify.com/album/5uAi4ZZc7zRdd6PsKNcJXO
26,single,single,"[{'external_urls': {'spotify': 'https://open.spotify.com/artist/1wRPtKGflJrBx9BmLsSwlU'}, 'href': 'https://api.spotify.com/v1/artists/1wRPtKGflJrBx9BmLsSwlU', 'id': '1wRPtKGflJrBx9BmLsSwlU', 'name': 'Pritam', 'type': 'artist', 'uri': 'spotify:artist:1wRPtKGflJrBx9BmLsSwlU'}, {'external_urls': {'spotify': 'https://open.spotify.com/artist/4YRxDV8wJFPHPTeXepOstw'}, 'href': 'https://api.spotify.com/v1/artists/4YRxDV8wJFPHPTeXepOstw', 'id': '4YRxDV8wJFPHPTeXepOstw', 'name': 'Arijit Singh', 'type': 'artist', 'uri': 'spotify:artist:4YRxDV8wJFPHPTeXepOstw'}, {'external_urls': {'spotify': 'https://open.spotify.com/artist/3tPQOjkxO3mrYrrgkTeXgH'}, 'href': 'https://api.spotify.com/v1/artists/3tPQOjkxO3mrYrrgkTeXgH', 'id': '3tPQOjkxO3mrYrrgkTeXgH', 'name': 'Nikhita Gandhi', 'type': 'artist', 'uri': 'spotify:artist:3tPQOjkxO3mrYrrgkTeXgH'}]",https://api.spotify.com/v1/albums/4ZRWac4XgoJF3bITMy3GHA,4ZRWac4XgoJF3bITMy3GHA,"[{'height': 640, 'url': 'https://i.scdn.co/image/ab67616d0000b273e83de780353dbd128f489c9d', 'width': 640}, {'height': 300, 'url': 'https://i.scdn.co/image/ab67616d00001e02e83de780353dbd128f489c9d', 'width': 300}, {'height': 64, 'url': 'https://i.scdn.co/image/ab67616d00004851e83de780353dbd128f489c9d', 'width': 64}]","Chedkhaniyan (From ""Shehzada"")",1/24/23,day,1,album,spotify:album:4ZRWac4XgoJF3bITMy3GHA,https://open.spotify.com/album/4ZRWac4XgoJF3bITMy3GHA
27,single,single,"[{'external_urls': {'spotify': 'https://open.spotify.com/artist/4YRxDV8wJFPHPTeXepOstw'}, 'href': 'https://api.spotify.com/v1/artists/4YRxDV8wJFPHPTeXepOstw', 'id': '4YRxDV8wJFPHPTeXepOstw', 'name': 'Arijit Singh', 'type': 'artist', 'uri': 'spotify:artist:4YRxDV8wJFPHPTeXepOstw'}]",https://api.spotify.com/v1/albums/5rgmvCeAM6kTGqZBdDLg0V,5rgmvCeAM6kTGqZBdDLg0V,"[{'height': 640, 'url': 'https://i.scdn.co/image/ab67616d0000b273287ba4fc53ecc1f1d0f0235a', 'width': 640}, {'height': 300, 'url': 'https://i.scdn.co/image/ab67616d00001e02287ba4fc53ecc1f1d0f0235a', 'width': 300}, {'height': 64, 'url': 'https://i.scdn.co/image/ab67616d00004851287ba4fc53ecc1f1d0f0235a', 'width': 64}]",Bhalolaage Tomake - Lofi,1/23/23,day,1,album,spotify:album:5rgmvCeAM6kTGqZBdDLg0V,https://open.spotify.com/album/5rgmvCeAM6kTGqZBdDLg0V
28,single,single,"[{'external_urls': {'spotify': 'https://open.spotify.com/artist/4YRxDV8wJFPHPTeXepOstw'}, 'href': 'https://api.spotify.com/v1/artists/4YRxDV8wJFPHPTeXepOstw', 'id': '4YRxDV8wJFPHPTeXepOstw', 'name': 'Arijit Singh', 'type': 'artist', 'uri': 'spotify:artist:4YRxDV8wJFPHPTeXepOstw'}, {'external_urls': {'spotify': 'https://open.spotify.com/artist/5wJ1H6ud777odtZl5gG507'}, 'href': 'https://api.spotify.com/v1/artists/5wJ1H6ud777odtZl5gG507', 'id': '5wJ1H6ud777odtZl5gG507', 'name': 'Vishal Mishra', 'type': 'artist', 'uri': 'spotify:artist:5wJ1H6ud777odtZl5gG507'}, {'external_urls': {'spotify': 'https://open.spotify.com/artist/6rgc6AL16aoiwofPPzsoLU'}, 'href': 'https://api.spotify.com/v1/artists/6rgc6AL16aoiwofPPzsoLU', 'id': '6rgc6AL16aoiwofPPzsoLU', 'name': 'Sanjay S Yadav', 'type': 'artist', 'uri': 'spotify:artist:6rgc6AL16aoiwofPPzsoLU'}]",https://api.spotify.com/v1/albums/6GrRNzm3K4bY2RMVHB3IwB,6GrRNzm3K4bY2RMVHB3IwB,"[{'height': 640, 'url': 'https://i.scdn.co/image/ab67616d0000b273a409cc3a393502e113930d9c', 'width': 640}, {'height': 300, 'url': 'https://i.scdn.co/image/ab67616d00001e02a409cc3a393502e113930d9c', 'width': 300}, {'height': 64, 'url': 'https://i.scdn.co/image/ab67616d00004851a409cc3a393502e113930d9c', 'width': 64}]",Sun Bhi Le - Lofi Mix,1/20/23,day,1,album,spotify:album:6GrRNzm3K4bY2RMVHB3IwB,https://open.spotify.com/album/6GrRNzm3K4bY2RMVHB3IwB
29,single,single,"[{'external_urls': {'spotify': 'https://open.spotify.com/artist/4YRxDV8wJFPHPTeXepOstw'}, 'href': 'https://api.spotify.com/v1/artists/4YRxDV8wJFPHPTeXepOstw', 'id': '4YRxDV8wJFPHPTeXepOstw', 'name': 'Arijit Singh', 'type': 'artist', 'uri': 'spotify:artist:4YRxDV8wJFPHPTeXepOstw'}]",https://api.spotify.com/v1/albums/1DEJU0TmqW4eRN6ZwbgSFi,1DEJU0TmqW4eRN6ZwbgSFi,"[{'height': 640, 'url': 'https://i.scdn.co/image/ab67616d0000b273bedc24ea7c45e7ba757151bb', 'width': 640}, {'height': 300, 'url': 'https://i.scdn.co/image/ab67616d00001e02bedc24ea7c45e7ba757151bb', 'width': 300}, {'height': 64, 'url': 'https://i.scdn.co/image/ab67616d00004851bedc24ea7c45e7ba757151bb', 'width': 64}]",Bojhabo Ki kore - Lofi,1/13/23,day,1,album,spotify:album:1DEJU0TmqW4eRN6ZwbgSFi,https://open.spotify.com/album/1DEJU0TmqW4eRN6ZwbgSFi
30,single,single,"[{'external_urls': {'spotify': 'https://open.spotify.com/artist/0LyfQWJT6nXafLPZqxe9Of'}, 'href': 'https://api.spotify.com/v1/artists/0LyfQWJT6nXafLPZqxe9Of', 'id': '0LyfQWJT6nXafLPZqxe9Of', 'name': 'Various Artists', 'type': 'artist', 'uri': 'spotify:artist:0LyfQWJT6nXafLPZqxe9Of'}]",https://api.spotify.com/v1/albums/5bwrDwmzMCytTxszVUswqx,5bwrDwmzMCytTxszVUswqx,"[{'height': 640, 'url': 'https://i.scdn.co/image/ab67616d0000b273da2b88d998308aba134e427d', 'width': 640}, {'height': 300, 'url': 'https://i.scdn.co/image/ab67616d00001e02da2b88d998308aba134e427d', 'width': 300}, {'height': 64, 'url': 'https://i.scdn.co/image/ab67616d00004851da2b88d998308aba134e427d', 'width': 64}]",Dj Tarunn Lofi Mashup,1/13/23,day,1,album,spotify:album:5bwrDwmzMCytTxszVUswqx,https://open.spotify.com/album/5bwrDwmzMCytTxszVUswqx
31,single,single,"[{'external_urls': {'spotify': 'https://open.spotify.com/artist/4YRxDV8wJFPHPTeXepOstw'}, 'href': 'https://api.spotify.com/v1/artists/4YRxDV8wJFPHPTeXepOstw', 'id': '4YRxDV8wJFPHPTeXepOstw', 'name': 'Arijit Singh', 'type': 'artist', 'uri': 'spotify:artist:4YRxDV8wJFPHPTeXepOstw'}]",https://api.spotify.com/v1/albums/5ogel8Etb96MZG3QodZyUL,5ogel8Etb96MZG3QodZyUL,"[{'height': 640, 'url': 'https://i.scdn.co/image/ab67616d0000b273c7c9c51a841ef57c7e4afa93', 'width': 640}, {'height': 300, 'url': 'https://i.scdn.co/image/ab67616d00001e02c7c9c51a841ef57c7e4afa93', 'width': 300}, {'height': 64, 'url': 'https://i.scdn.co/image/ab67616d00004851c7c9c51a841ef57c7e4afa93', 'width': 64}]",Eto Kiser Tara,1/13/23,day,1,album,spotify:album:5ogel8Etb96MZG3QodZyUL,https://open.spotify.com/album/5ogel8Etb96MZG3QodZyUL
32,single,single,"[{'external_urls': {'spotify': 'https://open.spotify.com/artist/1wRPtKGflJrBx9BmLsSwlU'}, 'href': 'https://api.spotify.com/v1/artists/1wRPtKGflJrBx9BmLsSwlU', 'id': '1wRPtKGflJrBx9BmLsSwlU', 'name': 'Pritam', 'type': 'artist', 'uri': 'spotify:artist:1wRPtKGflJrBx9BmLsSwlU'}, {'external_urls': {'spotify': 'https://open.spotify.com/artist/4YRxDV8wJFPHPTeXepOstw'}, 'href': 'https://api.spotify.com/v1/artists/4YRxDV8wJFPHPTeXepOstw', 'id': '4YRxDV8wJFPHPTeXepOstw', 'name': 'Arijit Singh', 'type': 'artist', 'uri': 'spotify:artist:4YRxDV8wJFPHPTeXepOstw'}, {'external_urls': {'spotify': 'https://open.spotify.com/artist/7f5Zgnp2spUuuzKplmRkt7'}, 'href': 'https://api.spotify.com/v1/artists/7f5Zgnp2spUuuzKplmRkt7', 'id': '7f5Zgnp2spUuuzKplmRkt7', 'name': 'Lost Frequencies', 'type': 'artist', 'uri': 'spotify:artist:7f5Zgnp2spUuuzKplmRkt7'}]",https://api.spotify.com/v1/albums/2DjMuo6Tz2BfmvgA2p63a3,2DjMuo6Tz2BfmvgA2p63a3,"[{'height': 640, 'url': 'https://i.scdn.co/image/ab67616d0000b273e1acba3f67dc8403920c5804', 'width': 640}, {'height': 300, 'url': 'https://i.scdn.co/image/ab67616d00001e02e1acba3f67dc8403920c5804', 'width': 300}, {'height': 64, 'url': 'https://i.scdn.co/image/ab67616d00004851e1acba3f67dc8403920c5804', 'width': 64}]",Kesariya (Lost Frequencies Remix),1/13/23,day,1,album,spotify:album:2DjMuo6Tz2BfmvgA2p63a3,https://open.spotify.com/album/2DjMuo6Tz2BfmvgA2p63a3
33,single,single,"[{'external_urls': {'spotify': 'https://open.spotify.com/artist/4YRxDV8wJFPHPTeXepOstw'}, 'href': 'https://api.spotify.com/v1/artists/4YRxDV8wJFPHPTeXepOstw', 'id': '4YRxDV8wJFPHPTeXepOstw', 'name': 'Arijit Singh', 'type': 'artist', 'uri': 'spotify:artist:4YRxDV8wJFPHPTeXepOstw'}, {'external_urls': {'spotify': 'https://open.spotify.com/artist/1SyKki7JI1AZNKwgNMkn25'}, 'href': 'https://api.spotify.com/v1/artists/1SyKki7JI1AZNKwgNMkn25', 'id': '1SyKki7JI1AZNKwgNMkn25', 'name': 'Sachet-Parampara', 'type': 'artist', 'uri': 'spotify:artist:1SyKki7JI1AZNKwgNMkn25'}, {'external_urls': {'spotify': 'https://open.spotify.com/artist/1QSTtKGPLw4v1eUoiWFhYH'}, 'href': 'https://api.spotify.com/v1/artists/1QSTtKGPLw4v1eUoiWFhYH', 'id': '1QSTtKGPLw4v1eUoiWFhYH', 'name': 'DJ Hardik', 'type': 'artist', 'uri': 'spotify:artist:1QSTtKGPLw4v1eUoiWFhYH'}]",https://api.spotify.com/v1/albums/70PlWnT4tPA2WvfSAt3iWx,70PlWnT4tPA2WvfSAt3iWx,"[{'height': 640, 'url': 'https://i.scdn.co/image/ab67616d0000b2730e6a965a9862def68db598d5', 'width': 640}, {'height': 300, 'url': 'https://i.scdn.co/image/ab67616d00001e020e6a965a9862def68db598d5', 'width': 300}, {'height': 64, 'url': 'https://i.scdn.co/image/ab67616d000048510e6a965a9862def68db598d5', 'width': 64}]",Bekhayali Remix,12/27/22,day,1,album,spotify:album:70PlWnT4tPA2WvfSAt3iWx,https://open.spotify.com/album/70PlWnT4tPA2WvfSAt3iWx
34,single,single,"[{'external_urls': {'spotify': 'https://open.spotify.com/artist/5XQ88eIWEiiYTagi3v4TE8'}, 'href': 'https://api.spotify.com/v1/artists/5XQ88eIWEiiYTagi3v4TE8', 'id': '5XQ88eIWEiiYTagi3v4TE8', 'name': 'Ramprasad Sen', 'type': 'artist', 'uri': 'spotify:artist:5XQ88eIWEiiYTagi3v4TE8'}, {'external_urls': {'spotify': 'https://open.spotify.com/artist/6HNo0Q4iCdsCezjC6G0dAX'}, 'href': 'https://api.spotify.com/v1/artists/6HNo0Q4iCdsCezjC6G0dAX', 'id': '6HNo0Q4iCdsCezjC6G0dAX', 'name': 'Joy Sarkar', 'type': 'artist', 'uri': 'spotify:artist:6HNo0Q4iCdsCezjC6G0dAX'}, {'external_urls': {'spotify': 'https://open.spotify.com/artist/4YRxDV8wJFPHPTeXepOstw'}, 'href': 'https://api.spotify.com/v1/artists/4YRxDV8wJFPHPTeXepOstw', 'id': '4YRxDV8wJFPHPTeXepOstw', 'name': 'Arijit Singh', 'type': 'artist', 'uri': 'spotify:artist:4YRxDV8wJFPHPTeXepOstw'}]",https://api.spotify.com/v1/albums/0ymQ2lAry40VGrgC5mV9Uy,0ymQ2lAry40VGrgC5mV9Uy,"[{'height': 640, 'url': 'https://i.scdn.co/image/ab67616d0000b27311d8f324547ab382b4a4ad2e', 'width': 640}, {'height': 300, 'url': 'https://i.scdn.co/image/ab67616d00001e0211d8f324547ab382b4a4ad2e', 'width': 300}, {'height': 64, 'url': 'https://i.scdn.co/image/ab67616d0000485111d8f324547ab382b4a4ad2e', 'width': 64}]","Mon Re Krishikaj Janona (From ""Manobjomin"")",12/14/22,day,1,album,spotify:album:0ymQ2lAry40VGrgC5mV9Uy,https://open.spotify.com/album/0ymQ2lAry40VGrgC5mV9Uy
35,single,single,"[{'external_urls': {'spotify': 'https://open.spotify.com/artist/4YRxDV8wJFPHPTeXepOstw'}, 'href': 'https://api.spotify.com/v1/artists/4YRxDV8wJFPHPTeXepOstw', 'id': '4YRxDV8wJFPHPTeXepOstw', 'name': 'Arijit Singh', 'type': 'artist', 'uri': 'spotify:artist:4YRxDV8wJFPHPTeXepOstw'}, {'external_urls': {'spotify': 'https://open.spotify.com/artist/0oOet2f43PA68X5RxKobEy'}, 'href': 'https://api.spotify.com/v1/artists/0oOet2f43PA68X5RxKobEy', 'id': '0oOet2f43PA68X5RxKobEy', 'name': 'Shreya Ghoshal', 'type': 'artist', 'uri': 'spotify:artist:0oOet2f43PA68X5RxKobEy'}]",https://api.spotify.com/v1/albums/2RlnzSYh2dYOPK8zvzNk2Z,2RlnzSYh2dYOPK8zvzNk2Z,"[{'height': 640, 'url': 'https://i.scdn.co/image/ab67616d0000b27356f06af9fc72f28570587bf4', 'width': 640}, {'height': 300, 'url': 'https://i.scdn.co/image/ab67616d00001e0256f06af9fc72f28570587bf4', 'width': 300}, {'height': 64, 'url': 'https://i.scdn.co/image/ab67616d0000485156f06af9fc72f28570587bf4', 'width': 64}]",Makhmali - Lofi Mix,12/8/22,day,1,album,spotify:album:2RlnzSYh2dYOPK8zvzNk2Z,https://open.spotify.com/album/2RlnzSYh2dYOPK8zvzNk2Z
36,single,single,"[{'external_urls': {'spotify': 'https://open.spotify.com/artist/4YRxDV8wJFPHPTeXepOstw'}, 'href': 'https://api.spotify.com/v1/artists/4YRxDV8wJFPHPTeXepOstw', 'id': '4YRxDV8wJFPHPTeXepOstw', 'name': 'Arijit Singh', 'type': 'artist', 'uri': 'spotify:artist:4YRxDV8wJFPHPTeXepOstw'}, {'external_urls': {'spotify': 'https://open.spotify.com/artist/09UmIX92EUH9hAK4bxvHx6'}, 'href': 'https://api.spotify.com/v1/artists/09UmIX92EUH9hAK4bxvHx6', 'id': '09UmIX92EUH9hAK4bxvHx6', 'name': 'Mithoon', 'type': 'artist', 'uri': 'spotify:artist:09UmIX92EUH9hAK4bxvHx6'}]",https://api.spotify.com/v1/albums/3VdmgKfAUkK2M5PiMwmQGl,3VdmgKfAUkK2M5PiMwmQGl,"[{'height': 640, 'url': 'https://i.scdn.co/image/ab67616d0000b27309e0a77493fdec0ac2bed1c9', 'width': 640}, {'height': 300, 'url': 'https://i.scdn.co/image/ab67616d00001e0209e0a77493fdec0ac2bed1c9', 'width': 300}, {'height': 64, 'url': 'https://i.scdn.co/image/ab67616d0000485109e0a77493fdec0ac2bed1c9', 'width': 64}]","Jo Tum Saath Ho (From ""Salaam Venky"")",12/6/22,day,1,album,spotify:album:3VdmgKfAUkK2M5PiMwmQGl,https://open.spotify.com/album/3VdmgKfAUkK2M5PiMwmQGl
37,single,single,"[{'external_urls': {'spotify': 'https://open.spotify.com/artist/1wRPtKGflJrBx9BmLsSwlU'}, 'href': 'https://api.spotify.com/v1/artists/1wRPtKGflJrBx9BmLsSwlU', 'id': '1wRPtKGflJrBx9BmLsSwlU', 'name': 'Pritam', 'type': 'artist', 'uri': 'spotify:artist:1wRPtKGflJrBx9BmLsSwlU'}, {'external_urls': {'spotify': 'https://open.spotify.com/artist/4YRxDV8wJFPHPTeXepOstw'}, 'href': 'https://api.spotify.com/v1/artists/4YRxDV8wJFPHPTeXepOstw', 'id': '4YRxDV8wJFPHPTeXepOstw', 'name': 'Arijit Singh', 'type': 'artist', 'uri': 'spotify:artist:4YRxDV8wJFPHPTeXepOstw'}, {'external_urls': {'spotify': 'https://open.spotify.com/artist/1jPeDHvfU5Knw8VyOP6TZN'}, 'href': 'https://api.spotify.com/v1/artists/1jPeDHvfU5Knw8VyOP6TZN', 'id': '1jPeDHvfU5Knw8VyOP6TZN', 'name': 'Dj Chetas', 'type': 'artist', 'uri': 'spotify:artist:1jPeDHvfU5Knw8VyOP6TZN'}]",https://api.spotify.com/v1/albums/19EAhlpgfiibWcRxvGNVc0,19EAhlpgfiibWcRxvGNVc0,"[{'height': 640, 'url': 'https://i.scdn.co/image/ab67616d0000b2731235e8980465e16ce4966b7f', 'width': 640}, {'height': 300, 'url': 'https://i.scdn.co/image/ab67616d00001e021235e8980465e16ce4966b7f', 'width': 300}, {'height': 64, 'url': 'https://i.scdn.co/image/ab67616d000048511235e8980465e16ce4966b7f', 'width': 64}]","Kesariya (Remix) [From ""Brahmastra""]",12/6/22,day,1,album,spotify:album:19EAhlpgfiibWcRxvGNVc0,https://open.spotify.com/album/19EAhlpgfiibWcRxvGNVc0
38,single,single,"[{'external_urls': {'spotify': 'https://open.spotify.com/artist/1wRPtKGflJrBx9BmLsSwlU'}, 'href': 'https://api.spotify.com/v1/artists/1wRPtKGflJrBx9BmLsSwlU', 'id': '1wRPtKGflJrBx9BmLsSwlU', 'name': 'Pritam', 'type': 'artist', 'uri': 'spotify:artist:1wRPtKGflJrBx9BmLsSwlU'}, {'external_urls': {'spotify': 'https://open.spotify.com/artist/4YRxDV8wJFPHPTeXepOstw'}, 'href': 'https://api.spotify.com/v1/artists/4YRxDV8wJFPHPTeXepOstw', 'id': '4YRxDV8wJFPHPTeXepOstw', 'name': 'Arijit Singh', 'type': 'artist', 'uri': 'spotify:artist:4YRxDV8wJFPHPTeXepOstw'}, {'external_urls': {'spotify': 'https://open.spotify.com/artist/3tPQOjkxO3mrYrrgkTeXgH'}, 'href': 'https://api.spotify.com/v1/artists/3tPQOjkxO3mrYrrgkTeXgH', 'id': '3tPQOjkxO3mrYrrgkTeXgH', 'name': 'Nikhita Gandhi', 'type': 'artist', 'uri': 'spotify:artist:3tPQOjkxO3mrYrrgkTeXgH'}]",https://api.spotify.com/v1/albums/791Nic2s2lcX8LtWjIeUh1,791Nic2s2lcX8LtWjIeUh1,"[{'height': 640, 'url': 'https://i.scdn.co/image/ab67616d0000b27359a9e0855b770c3663d4fe5f', 'width': 640}, {'height': 300, 'url': 'https://i.scdn.co/image/ab67616d00001e0259a9e0855b770c3663d4fe5f', 'width': 300}, {'height': 64, 'url': 'https://i.scdn.co/image/ab67616d0000485159a9e0855b770c3663d4fe5f', 'width': 64}]","Kaala Jaadu (From ""Freddy"")",11/11/22,day,1,album,spotify:album:791Nic2s2lcX8LtWjIeUh1,https://open.spotify.com/album/791Nic2s2lcX8LtWjIeUh1
39,single,single,"[{'external_urls': {'spotify': 'https://open.spotify.com/artist/4YRxDV8wJFPHPTeXepOstw'}, 'href': 'https://api.spotify.com/v1/artists/4YRxDV8wJFPHPTeXepOstw', 'id': '4YRxDV8wJFPHPTeXepOstw', 'name': 'Arijit Singh', 'type': 'artist', 'uri': 'spotify:artist:4YRxDV8wJFPHPTeXepOstw'}, {'external_urls': {'spotify': 'https://open.spotify.com/artist/1mBydYMVBECdDmMfE2sEUO'}, 'href': 'https://api.spotify.com/v1/artists/1mBydYMVBECdDmMfE2sEUO', 'id': '1mBydYMVBECdDmMfE2sEUO', 'name': 'Sachin-Jigar', 'type': 'artist', 'uri': 'spotify:artist:1mBydYMVBECdDmMfE2sEUO'}, {'external_urls': {'spotify': 'https://open.spotify.com/artist/2fMqTqiTxUDlmcOEPaQSsx'}, 'href': 'https://api.spotify.com/v1/artists/2fMqTqiTxUDlmcOEPaQSsx', 'id': '2fMqTqiTxUDlmcOEPaQSsx', 'name': 'Amitabh Bhattacharya', 'type': 'artist', 'uri': 'spotify:artist:2fMqTqiTxUDlmcOEPaQSsx'}]",https://api.spotify.com/v1/albums/7fL3C5d4cFW7XLZHq4jPwX,7fL3C5d4cFW7XLZHq4jPwX,"[{'height': 640, 'url': 'https://i.scdn.co/image/ab67616d0000b27382a60b8f529feb30dfc00543', 'width': 640}, {'height': 300, 'url': 'https://i.scdn.co/image/ab67616d00001e0282a60b8f529feb30dfc00543', 'width': 300}, {'height': 64, 'url': 'https://i.scdn.co/image/ab67616d0000485182a60b8f529feb30dfc00543', 'width': 64}]","Apna Bana Le (From ""Bhediya"")",11/5/22,day,1,album,spotify:album:7fL3C5d4cFW7XLZHq4jPwX,https://open.spotify.com/album/7fL3C5d4cFW7XLZHq4jPwX
40,single,single,"[{'external_urls': {'spotify': 'https://open.spotify.com/artist/2GhRzK7XzixKuZYEEfUkBR'}, 'href': 'https://api.spotify.com/v1/artists/2GhRzK7XzixKuZYEEfUkBR', 'id': '2GhRzK7XzixKuZYEEfUkBR', 'name': 'KSW', 'type': 'artist', 'uri': 'spotify:artist:2GhRzK7XzixKuZYEEfUkBR'}, {'external_urls': {'spotify': 'https://open.spotify.com/artist/4YRxDV8wJFPHPTeXepOstw'}, 'href': 'https://api.spotify.com/v1/artists/4YRxDV8wJFPHPTeXepOstw', 'id': '4YRxDV8wJFPHPTeXepOstw', 'name': 'Arijit Singh', 'type': 'artist', 'uri': 'spotify:artist:4YRxDV8wJFPHPTeXepOstw'}, {'external_urls': {'spotify': 'https://open.spotify.com/artist/1wRPtKGflJrBx9BmLsSwlU'}, 'href': 'https://api.spotify.com/v1/artists/1wRPtKGflJrBx9BmLsSwlU', 'id': '1wRPtKGflJrBx9BmLsSwlU', 'name': 'Pritam', 'type': 'artist', 'uri': 'spotify:artist:1wRPtKGflJrBx9BmLsSwlU'}]",https://api.spotify.com/v1/albums/6lDbtNiYMC8B1FcD7l77QC,6lDbtNiYMC8B1FcD7l77QC,"[{'height': 640, 'url': 'https://i.scdn.co/image/ab67616d0000b273c6bd95c443d2ff7b2964a3d6', 'width': 640}, {'height': 300, 'url': 'https://i.scdn.co/image/ab67616d00001e02c6bd95c443d2ff7b2964a3d6', 'width': 300}, {'height': 64, 'url': 'https://i.scdn.co/image/ab67616d00004851c6bd95c443d2ff7b2964a3d6', 'width': 64}]",Ae Dil Hai Mushkil (Lofi Flip),11/4/22,day,1,album,spotify:album:6lDbtNiYMC8B1FcD7l77QC,https://open.spotify.com/album/6lDbtNiYMC8B1FcD7l77QC
41,single,single,"[{'external_urls': {'spotify': 'https://open.spotify.com/artist/5OD147PIZedUodUrxiEqEX'}, 'href': 'https://api.spotify.com/v1/artists/5OD147PIZedUodUrxiEqEX', 'id': '5OD147PIZedUodUrxiEqEX', 'name': 'Kritiman Mishra', 'type': 'artist', 'uri': 'spotify:artist:5OD147PIZedUodUrxiEqEX'}, {'external_urls': {'spotify': 'https://open.spotify.com/artist/4YRxDV8wJFPHPTeXepOstw'}, 'href': 'https://api.spotify.com/v1/artists/4YRxDV8wJFPHPTeXepOstw', 'id': '4YRxDV8wJFPHPTeXepOstw', 'name': 'Arijit Singh', 'type': 'artist', 'uri': 'spotify:artist:4YRxDV8wJFPHPTeXepOstw'}]",https://api.spotify.com/v1/albums/0q7bYBmJ27h6GW4m3dWPPC,0q7bYBmJ27h6GW4m3dWPPC,"[{'height': 640, 'url': 'https://i.scdn.co/image/ab67616d0000b2730e64cc1cd1c806d68f780b7c', 'width': 640}, {'height': 300, 'url': 'https://i.scdn.co/image/ab67616d00001e020e64cc1cd1c806d68f780b7c', 'width': 300}, {'height': 64, 'url': 'https://i.scdn.co/image/ab67616d000048510e64cc1cd1c806d68f780b7c', 'width': 64}]",Mera Pyar Tera Pyar (Lofi Flip),10/27/22,day,1,album,spotify:album:0q7bYBmJ27h6GW4m3dWPPC,https://open.spotify.com/album/0q7bYBmJ27h6GW4m3dWPPC
42,single,single,"[{'external_urls': {'spotify': 'https://open.spotify.com/artist/3dN9MQpjIyNxyeRfz4EDZe'}, 'href': 'https://api.spotify.com/v1/artists/3dN9MQpjIyNxyeRfz4EDZe', 'id': '3dN9MQpjIyNxyeRfz4EDZe', 'name': 'Rochak Kohli', 'type': 'artist', 'uri': 'spotify:artist:3dN9MQpjIyNxyeRfz4EDZe'}, {'external_urls': {'spotify': 'https://open.spotify.com/artist/4YRxDV8wJFPHPTeXepOstw'}, 'href': 'https://api.spotify.com/v1/artists/4YRxDV8wJFPHPTeXepOstw', 'id': '4YRxDV8wJFPHPTeXepOstw', 'name': 'Arijit Singh', 'type': 'artist', 'uri': 'spotify:artist:4YRxDV8wJFPHPTeXepOstw'}, {'external_urls': {'spotify': 'https://open.spotify.com/artist/2kXATuG1pS50O7Hp0uj1Q5'}, 'href': 'https://api.spotify.com/v1/artists/2kXATuG1pS50O7Hp0uj1Q5', 'id': '2kXATuG1pS50O7Hp0uj1Q5', 'name': 'Eklavya', 'type': 'artist', 'uri': 'spotify:artist:2kXATuG1pS50O7Hp0uj1Q5'}]",https://api.spotify.com/v1/albums/30UZmRiMa6Jy5OpWKBooBX,30UZmRiMa6Jy5OpWKBooBX,"[{'height': 640, 'url': 'https://i.scdn.co/image/ab67616d0000b273be91a5e5f6c14bc1cb2e4e49', 'width': 640}, {'height': 300, 'url': 'https://i.scdn.co/image/ab67616d00001e02be91a5e5f6c14bc1cb2e4e49', 'width': 300}, {'height': 64, 'url': 'https://i.scdn.co/image/ab67616d00004851be91a5e5f6c14bc1cb2e4e49', 'width': 64}]","Thank God (From ""Thank God"")",10/22/22,day,1,album,spotify:album:30UZmRiMa6Jy5OpWKBooBX,https://open.spotify.com/album/30UZmRiMa6Jy5OpWKBooBX
43,single,single,"[{'external_urls': {'spotify': 'https://open.spotify.com/artist/4YRxDV8wJFPHPTeXepOstw'}, 'href': 'https://api.spotify.com/v1/artists/4YRxDV8wJFPHPTeXepOstw', 'id': '4YRxDV8wJFPHPTeXepOstw', 'name': 'Arijit Singh', 'type': 'artist', 'uri': 'spotify:artist:4YRxDV8wJFPHPTeXepOstw'}, {'external_urls': {'spotify': 'https://open.spotify.com/artist/6SzYh3jdZpJxGulYuWlFb5'}, 'href': 'https://api.spotify.com/v1/artists/6SzYh3jdZpJxGulYuWlFb5', 'id': '6SzYh3jdZpJxGulYuWlFb5', 'name': 'Vipin Patwa', 'type': 'artist', 'uri': 'spotify:artist:6SzYh3jdZpJxGulYuWlFb5'}, {'external_urls': {'spotify': 'https://open.spotify.com/artist/0m3D4grap8VFSzbJMqgNVk'}, 'href': 'https://api.spotify.com/v1/artists/0m3D4grap8VFSzbJMqgNVk', 'id': '0m3D4grap8VFSzbJMqgNVk', 'name': 'Kumaar', 'type': 'artist', 'uri': 'spotify:artist:0m3D4grap8VFSzbJMqgNVk'}]",https://api.spotify.com/v1/albums/71eEspGJM5UykbbRzIfUBL,71eEspGJM5UykbbRzIfUBL,"[{'height': 640, 'url': 'https://i.scdn.co/image/ab67616d0000b273263e3a4f34410964a572c63a', 'width': 640}, {'height': 300, 'url': 'https://i.scdn.co/image/ab67616d00001e02263e3a4f34410964a572c63a', 'width': 300}, {'height': 64, 'url': 'https://i.scdn.co/image/ab67616d00004851263e3a4f34410964a572c63a', 'width': 64}]","Yaar Ve (From ""Code Name Tiranga"")",10/21/22,day,1,album,spotify:album:71eEspGJM5UykbbRzIfUBL,https://open.spotify.com/album/71eEspGJM5UykbbRzIfUBL
44,single,single,"[{'external_urls': {'spotify': 'https://open.spotify.com/artist/4YRxDV8wJFPHPTeXepOstw'}, 'href': 'https://api.spotify.com/v1/artists/4YRxDV8wJFPHPTeXepOstw', 'id': '4YRxDV8wJFPHPTeXepOstw', 'name': 'Arijit Singh', 'type': 'artist', 'uri': 'spotify:artist:4YRxDV8wJFPHPTeXepOstw'}, {'external_urls': {'spotify': 'https://open.spotify.com/artist/5wJ1H6ud777odtZl5gG507'}, 'href': 'https://api.spotify.com/v1/artists/5wJ1H6ud777odtZl5gG507', 'id': '5wJ1H6ud777odtZl5gG507', 'name': 'Vishal Mishra', 'type': 'artist', 'uri': 'spotify:artist:5wJ1H6ud777odtZl5gG507'}, {'external_urls': {'spotify': 'https://open.spotify.com/artist/2DFCHTDIA0t638a4mm37dK'}, 'href': 'https://api.spotify.com/v1/artists/2DFCHTDIA0t638a4mm37dK', 'id': '2DFCHTDIA0t638a4mm37dK', 'name': 'Raj Shekhar', 'type': 'artist', 'uri': 'spotify:artist:2DFCHTDIA0t638a4mm37dK'}]",https://api.spotify.com/v1/albums/3vzdDUv7uCCss1swFktPtc,3vzdDUv7uCCss1swFktPtc,"[{'height': 640, 'url': 'https://i.scdn.co/image/ab67616d0000b273db2ae37ff0838ee2969c0772', 'width': 640}, {'height': 300, 'url': 'https://i.scdn.co/image/ab67616d00001e02db2ae37ff0838ee2969c0772', 'width': 300}, {'height': 64, 'url': 'https://i.scdn.co/image/ab67616d00004851db2ae37ff0838ee2969c0772', 'width': 64}]",Sun Bhi Le - Lofi,10/20/22,day,1,album,spotify:album:3vzdDUv7uCCss1swFktPtc,https://open.spotify.com/album/3vzdDUv7uCCss1swFktPtc
45,single,single,"[{'external_urls': {'spotify': 'https://open.spotify.com/artist/4YRxDV8wJFPHPTeXepOstw'}, 'href': 'https://api.spotify.com/v1/artists/4YRxDV8wJFPHPTeXepOstw', 'id': '4YRxDV8wJFPHPTeXepOstw', 'name': 'Arijit Singh', 'type': 'artist', 'uri': 'spotify:artist:4YRxDV8wJFPHPTeXepOstw'}, {'external_urls': {'spotify': 'https://open.spotify.com/artist/0fO21P1FLl5v2QZXaibha0'}, 'href': 'https://api.spotify.com/v1/artists/0fO21P1FLl5v2QZXaibha0', 'id': '0fO21P1FLl5v2QZXaibha0', 'name': 'Somchanda', 'type': 'artist', 'uri': 'spotify:artist:0fO21P1FLl5v2QZXaibha0'}]",https://api.spotify.com/v1/albums/4PvtRZ1kw5xtqQ39EXk0Qq,4PvtRZ1kw5xtqQ39EXk0Qq,"[{'height': 640, 'url': 'https://i.scdn.co/image/ab67616d0000b2732f51e1ee26f79553c7993c96', 'width': 640}, {'height': 300, 'url': 'https://i.scdn.co/image/ab67616d00001e022f51e1ee26f79553c7993c96', 'width': 300}, {'height': 64, 'url': 'https://i.scdn.co/image/ab67616d000048512f51e1ee26f79553c7993c96', 'width': 64}]",Shorir Jure,10/19/22,day,1,album,spotify:album:4PvtRZ1kw5xtqQ39EXk0Qq,https://open.spotify.com/album/4PvtRZ1kw5xtqQ39EXk0Qq
46,single,single,"[{'external_urls': {'spotify': 'https://open.spotify.com/artist/1btklM4yoTaKiVjLodLrOh'}, 'href': 'https://api.spotify.com/v1/artists/1btklM4yoTaKiVjLodLrOh', 'id': '1btklM4yoTaKiVjLodLrOh', 'name': 'VIBIE', 'type': 'artist', 'uri': 'spotify:artist:1btklM4yoTaKiVjLodLrOh'}, {'external_urls': {'spotify': 'https://open.spotify.com/artist/4YRxDV8wJFPHPTeXepOstw'}, 'href': 'https://api.spotify.com/v1/artists/4YRxDV8wJFPHPTeXepOstw', 'id': '4YRxDV8wJFPHPTeXepOstw', 'name': 'Arijit Singh', 'type': 'artist', 'uri': 'spotify:artist:4YRxDV8wJFPHPTeXepOstw'}, {'external_urls': {'spotify': 'https://open.spotify.com/artist/1wRPtKGflJrBx9BmLsSwlU'}, 'href': 'https://api.spotify.com/v1/artists/1wRPtKGflJrBx9BmLsSwlU', 'id': '1wRPtKGflJrBx9BmLsSwlU', 'name': 'Pritam', 'type': 'artist', 'uri': 'spotify:artist:1wRPtKGflJrBx9BmLsSwlU'}]",https://api.spotify.com/v1/albums/1b5dv6YOO0glGJLoCBv8Le,1b5dv6YOO0glGJLoCBv8Le,"[{'height': 640, 'url': 'https://i.scdn.co/image/ab67616d0000b273070ed56b449be8f4384a99aa', 'width': 640}, {'height': 300, 'url': 'https://i.scdn.co/image/ab67616d00001e02070ed56b449be8f4384a99aa', 'width': 300}, {'height': 64, 'url': 'https://i.scdn.co/image/ab67616d00004851070ed56b449be8f4384a99aa', 'width': 64}]",Kesariya (Lofi Flip),10/13/22,day,1,album,spotify:album:1b5dv6YOO0glGJLoCBv8Le,https://open.spotify.com/album/1b5dv6YOO0glGJLoCBv8Le
47,single,single,"[{'external_urls': {'spotify': 'https://open.spotify.com/artist/1wRPtKGflJrBx9BmLsSwlU'}, 'href': 'https://api.spotify.com/v1/artists/1wRPtKGflJrBx9BmLsSwlU', 'id': '1wRPtKGflJrBx9BmLsSwlU', 'name': 'Pritam', 'type': 'artist', 'uri': 'spotify:artist:1wRPtKGflJrBx9BmLsSwlU'}, {'external_urls': {'spotify': 'https://open.spotify.com/artist/4YRxDV8wJFPHPTeXepOstw'}, 'href': 'https://api.spotify.com/v1/artists/4YRxDV8wJFPHPTeXepOstw', 'id': '4YRxDV8wJFPHPTeXepOstw', 'name': 'Arijit Singh', 'type': 'artist', 'uri': 'spotify:artist:4YRxDV8wJFPHPTeXepOstw'}, {'external_urls': {'spotify': 'https://open.spotify.com/artist/2fMqTqiTxUDlmcOEPaQSsx'}, 'href': 'https://api.spotify.com/v1/artists/2fMqTqiTxUDlmcOEPaQSsx', 'id': '2fMqTqiTxUDlmcOEPaQSsx', 'name': 'Amitabh Bhattacharya', 'type': 'artist', 'uri': 'spotify:artist:2fMqTqiTxUDlmcOEPaQSsx'}]",https://api.spotify.com/v1/albums/4mDNKf2XHGQbgFtShU6RaT,4mDNKf2XHGQbgFtShU6RaT,"[{'height': 640, 'url': 'https://i.scdn.co/image/ab67616d0000b273977d86f3a28e58d60e4470b8', 'width': 640}, {'height': 300, 'url': 'https://i.scdn.co/image/ab67616d00001e02977d86f3a28e58d60e4470b8', 'width': 300}, {'height': 64, 'url': 'https://i.scdn.co/image/ab67616d00004851977d86f3a28e58d60e4470b8', 'width': 64}]","Rasiya Reprise (From ""Brahmastra"")",10/7/22,day,1,album,spotify:album:4mDNKf2XHGQbgFtShU6RaT,https://open.spotify.com/album/4mDNKf2XHGQbgFtShU6RaT
48,single,single,"[{'external_urls': {'spotify': 'https://open.spotify.com/artist/6iv4lysB1yHXoZJ2gfqTdh'}, 'href': 'https://api.spotify.com/v1/artists/6iv4lysB1yHXoZJ2gfqTdh', 'id': '6iv4lysB1yHXoZJ2gfqTdh', 'name': 'Shashwat Singh', 'type': 'artist', 'uri': 'spotify:artist:6iv4lysB1yHXoZJ2gfqTdh'}, {'external_urls': {'spotify': 'https://open.spotify.com/artist/2UwDJeoMqYers5Jmm75zm2'}, 'href': 'https://api.spotify.com/v1/artists/2UwDJeoMqYers5Jmm75zm2', 'id': '2UwDJeoMqYers5Jmm75zm2', 'name': 'Antara Mitra', 'type': 'artist', 'uri': 'spotify:artist:2UwDJeoMqYers5Jmm75zm2'}, {'external_urls': {'spotify': 'https://open.spotify.com/artist/4YRxDV8wJFPHPTeXepOstw'}, 'href': 'https://api.spotify.com/v1/artists/4YRxDV8wJFPHPTeXepOstw', 'id': '4YRxDV8wJFPHPTeXepOstw', 'name': 'Arijit Singh', 'type': 'artist', 'uri': 'spotify:artist:4YRxDV8wJFPHPTeXepOstw'}]",https://api.spotify.com/v1/albums/73S8O640zcwF9clUYzVtke,73S8O640zcwF9clUYzVtke,"[{'height': 640, 'url': 'https://i.scdn.co/image/ab67616d0000b2735b8d2fc6f4f6dc4dcff8cb97', 'width': 640}, {'height': 300, 'url': 'https://i.scdn.co/image/ab67616d00001e025b8d2fc6f4f6dc4dcff8cb97', 'width': 300}, {'height': 64, 'url': 'https://i.scdn.co/image/ab67616d000048515b8d2fc6f4f6dc4dcff8cb97', 'width': 64}]","Kesariya (Dance Mix) [From ""Brahmastra""]",10/3/22,day,1,album,spotify:album:73S8O640zcwF9clUYzVtke,https://open.spotify.com/album/73S8O640zcwF9clUYzVtke
49,single,single,"[{'external_urls': {'spotify': 'https://open.spotify.com/artist/5OD147PIZedUodUrxiEqEX'}, 'href': 'https://api.spotify.com/v1/artists/5OD147PIZedUodUrxiEqEX', 'id': '5OD147PIZedUodUrxiEqEX', 'name': 'Kritiman Mishra', 'type': 'artist', 'uri': 'spotify:artist:5OD147PIZedUodUrxiEqEX'}, {'external_urls': {'spotify': 'https://open.spotify.com/artist/4YRxDV8wJFPHPTeXepOstw'}, 'href': 'https://api.spotify.com/v1/artists/4YRxDV8wJFPHPTeXepOstw', 'id': '4YRxDV8wJFPHPTeXepOstw', 'name': 'Arijit Singh', 'type': 'artist', 'uri': 'spotify:artist:4YRxDV8wJFPHPTeXepOstw'}, {'external_urls': {'spotify': 'https://open.spotify.com/artist/1wRPtKGflJrBx9BmLsSwlU'}, 'href': 'https://api.spotify.com/v1/artists/1wRPtKGflJrBx9BmLsSwlU', 'id': '1wRPtKGflJrBx9BmLsSwlU', 'name': 'Pritam', 'type': 'artist', 'uri': 'spotify:artist:1wRPtKGflJrBx9BmLsSwlU'}]",https://api.spotify.com/v1/albums/0OqGNoguOy3MODEVsGNyMK,0OqGNoguOy3MODEVsGNyMK,"[{'height': 640, 'url': 'https://i.scdn.co/image/ab67616d0000b273ffd1cff50f30493b5184b90e', 'width': 640}, {'height': 300, 'url': 'https://i.scdn.co/image/ab67616d00001e02ffd1cff50f30493b5184b90e', 'width': 300}, {'height': 64, 'url': 'https://i.scdn.co/image/ab67616d00004851ffd1cff50f30493b5184b90e', 'width': 64}]",Daayre (Lofi Flip),9/29/22,day,1,album,spotify:album:0OqGNoguOy3MODEVsGNyMK,https://open.spotify.com/album/0OqGNoguOy3MODEVsGNyMK